segment,value,rows,persistent_rate,lift,split_specific_rate,elevated
Destination,PSO J318.5-22,796,0.25,1.5816957787481807,0.09547738693467336,True
CabinDeck,G,2559,0.2485345838218054,1.5724244084155419,0.11840562719812427,True
AgeBand,"(-1.0, 12.0]",806,0.22332506203473945,1.4129292316360917,0.13895781637717122,False
HomePlanet,Earth,4602,0.22012168622338113,1.3926621676418138,0.11473272490221642,False
HomePlanet,missing,201,0.20398009950248755,1.2905378493268735,0.03482587064676617,False
CabinNumBand,"(1200.0, 2000.0]",1474,0.189280868385346,1.1975390020915668,0.07666214382632293,False
CabinNumBand,"(300.0, 600.0]",1484,0.17991913746630728,1.1383093609858874,0.11185983827493262,False
SpendMissingCount,1,873,0.1775486827033219,1.1233120078165773,0.10652920962199312,False
CabinNumBand,"(600.0, 900.0]",976,0.17725409836065573,1.1214482365714558,0.07684426229508197,False
GroupSize,1,4805,0.172528616024974,1.0915511347198683,0.08449531737773153,False
AgeBand,"(17.0, 25.0]",2351,0.169715014887282,1.0737500905495942,0.08889834113143344,False
CabinSide,P,4206,0.16785544460294816,1.0619849926735287,0.08392772230147408,False
NoSpend,True,3653,0.16753353408157678,1.0599483346223777,0.0851355050643307,False
CabinDeck,A,256,0.1640625,1.0379878548034935,0.0390625,False
CryoSleep,False,5439,0.16105901820187535,1.0189854768769304,0.08714837286265857,False
CabinDeck,E,876,0.16095890410958905,1.0183520767282808,0.13926940639269406,False
Destination,TRAPPIST-1e,5915,0.15976331360946747,1.0107878349396657,0.08994082840236686,False
GroupSize,4,1186,0.15935919055649242,1.008231036031724,0.09865092748735245,False
SpendMissingCount,0,7785,0.15594091201027618,0.9866043290431812,0.07861271676300578,False
CryoSleep,True,3037,0.15475798485347383,0.9791202054812578,0.0707935462627593,False
AgeBand,"(40.0, 200.0]",1731,0.15424610051993068,0.9758816243229675,0.07914500288850375,False
NoSpend,False,5040,0.15119047619047618,0.9565493519096139,0.07956349206349206,False
CabinSide,S,4288,0.1490205223880597,0.9428205248321712,0.07905783582089553,False
CabinNumBand,"(900.0, 1200.0]",991,0.14631685166498487,0.9257149865529211,0.07265388496468214,False
CabinDeck,missing,199,0.1457286432160804,0.9219935192702962,0.10050251256281408,False
CabinSide,missing,199,0.1457286432160804,0.9219935192702962,0.10050251256281408,False
GroupSize,3,1020,0.14411764705882352,0.9118010959842452,0.08137254901960785,False
SpendMissingCount,2,35,0.14285714285714285,0.9038261592846746,0.2,False
CabinDeck,F,2794,0.1388690050107373,0.8785940760977724,0.0662133142448103,False
AgeBand,"(25.0, 40.0]",2887,0.1368202286110149,0.8656319121656132,0.0682369241427087,False
AgeBand,"(12.0, 17.0]",739,0.13667117726657646,0.8646888966363532,0.05277401894451962,False
CabinNumBand,"(-1.0, 300.0]",3569,0.13477164471840852,0.8526709661842251,0.07453068086298684,False
CryoSleep,missing,217,0.12903225806451613,0.8163591116119642,0.10599078341013825,False
GroupSize,2,1682,0.12425683709869204,0.786146058878406,0.06302021403091558,False
Destination,missing,182,0.12087912087912088,0.7647759809331862,0.06043956043956044,False
Destination,55 Cancri e,1800,0.11555555555555555,0.7310949377324923,0.051666666666666666,False
CabinDeck,D,478,0.11297071129707113,0.7147411887230273,0.06694560669456066,False
HomePlanet,Mars,1759,0.09664582148948266,0.6114571515342596,0.06310403638430927,False
HomePlanet,Europa,2131,0.07038948850305021,0.44533902733407243,0.030971374941342094,False
CabinDeck,C,747,0.05756358768406961,0.3641923345979747,0.03346720214190094,False
CabinDeck,B,779,0.05263157894736842,0.332988584999617,0.019255455712451863,False
CabinDeck,T,5,0.0,0.0,0.0,False
