id,variant,depth,l2_leaf_reg,learning_rate,accuracy,log_loss,fold_std,delta_vs_champion,delta_vs_matched_control,mean_best_iteration,min_best_iteration,earth_errors,other_errors,champion_bootstrap_ci95
hm02_name_d8_l5,v1_name,8,5.0,0.05,0.8241113539629586,0.3812552975207895,0.008021931491619488,0.0052916139422523045,0.003911192913838679,244.8,159,1129,400,"[0.0011701454840139793, 0.00916157492355329]"
hm02_name_d6_l1,v1_name,6,1.0,0.05,0.8219256873346371,0.38070446667035085,0.011367866145289672,0.003105947313930768,0.0017255262855171427,316.0,270,1138,410,"[-0.0010441199143515125, 0.006987921578102888]"
hm02_base_d8_l5,baseline,8,5.0,0.05,0.8212354768204302,0.3868409410226721,0.008447610309398392,0.0024157367997238444,0.0024157367997238444,161.6,101,1149,405,"[-0.0012623509630042265, 0.0058415569803206505]"
hm02_base_d6_l1,baseline,6,1.0,0.05,0.8199700908777177,0.385859069928337,0.009153250951872464,0.0011503508570113175,0.0011503508570113175,240.8,147,1153,412,"[-0.002508582032074224, 0.004678483225336561]"
hm02_base_control,baseline,6,5.0,0.05,0.8188197400207063,0.38494857218436823,0.007216021616845229,0.0,0.0,240.4,184,1152,423,"[0.0, 0.0]"
hm02_base_d6_l10,baseline,6,10.0,0.05,0.8184746347636029,0.386434106446325,0.01049957691013172,-0.00034510525710340634,-0.00034510525710340634,290.4,150,1151,427,"[-0.0036417538470410226, 0.0031197284973648372]"
hm02_name_d6_l5_lr03,v1_name,6,5.0,0.03,0.8182445645922006,0.38725697420623545,0.011193592895224347,-0.0005751754285057142,-0.0019555964569193396,380.4,199,1160,420,"[-0.0040842548247787495, 0.0028536615436276667]"
hm02_base_d6_l5_lr03,baseline,6,5.0,0.03,0.8175543540779938,0.39174428301872843,0.008649872989567048,-0.001265385942712527,-0.001265385942712527,325.4,156,1170,416,"[-0.004740693335969958, 0.002081755586683264]"
hm02_base_d4_l3,baseline,4,3.0,0.05,0.8172092488208904,0.3894150449108957,0.00687992087771905,-0.0016104911998159332,-0.0016104911998159332,364.0,278,1175,414,"[-0.005193638996902773, 0.0020542379869876214]"
hm02_name_d6_l10,v1_name,6,10.0,0.05,0.8161739330495801,0.3972731673150542,0.00972540976246556,-0.0026458069711262633,-0.004026227999539889,190.8,53,1171,427,"[-0.006381573304924056, 0.0011632728041869413]"
hm02_name_d4_l10,v1_name,4,10.0,0.05,0.8147935120211665,0.395561509724328,0.011101721741553126,-0.004026227999539889,-0.005406649027953514,362.6,93,1173,437,"[-0.00802424831474469, 2.8506271379547975e-06]"
hm02_name_d4_l3,v1_name,4,3.0,0.05,0.8121477050500403,0.396999743338686,0.007904574314467637,-0.006672034970666041,-0.008052455999079666,239.8,124,1185,448,"[-0.01071095446527217, -0.00286158892319744]"
hm02_base_d4_l10,baseline,4,10.0,0.05,0.8109973541930289,0.39573780307635154,0.005795527586300256,-0.00782238582767747,-0.00782238582767747,281.8,189,1201,442,"[-0.011712471285918586, -0.004049039655879813]"
