id,accuracy,log_loss,fold_std,delta
v1_name_fix,0.82020016104912,0.38518400296692523,0.008088049447703465,0.0013804210284136254
v1_spend,0.8193949154492121,0.38294569311358867,0.009115465382634996,0.0005751754285057142
v1,0.8169791786494881,0.39405604182227133,0.013520109251989657,-0.0018405613712182411
v1_rules,0.8191648452778098,0.386043438161506,0.005725967141379862,0.00034510525710340634
v2_spending,0.8175543540779938,0.38612588282697535,0.009068062654466557,-0.001265385942712527
v2_group,0.8162889681352813,0.3864590468652641,0.007972032833946494,-0.002530771885425054
v2,0.8188197400207063,0.38496367566070344,0.007535039494499705,0.0
v2_logloss,0.8155987576210745,0.3765433197343512,0.005676948446646804,-0.0032209823996318665
v2_lightgbm,0.8158288277924767,0.3776519069575025,0.007186169705329078,-0.0029909122282296696
v2_xgboost,0.817784424249396,0.37805076909983576,0.008907952027637575,-0.00103531577131033
v2_blend,0.818589669849304,0.37459777358921137,0.007925593366410494,-0.0002300701714023079
